[{"matchId": 5363260, "label": "Baltika - SKA-Khabarovsk, 2-0", "date": "2023-03-06 18:00:00", "dateutc": "2023-03-06 17:00:00", "status": "Played", "competitionId": 723, "seasonId": 188048, "roundId": 4426919, "gameweek": 21}, {"matchId": 5363258, "label": "Kuban Krasnodar - Rubin Kazan', 1-2", "date": "2023-03-06 15:30:00", "dateutc": "2023-03-06 14:30:00", "status": "Played", "competitionId": 723, "seasonId": 188048, "roundId": 4426919, "gameweek": 21}, {"matchId": 5363265, "label": "KAMAZ - Volga Ulyanovsk, 0-0", "date": "2023-03-06 15:00:00", "dateutc": "2023-03-06 14:00:00", "status": "Played", "competitionId": 723, "seasonId": 188048, "roundId": 4426919, "gameweek": 21}, {"matchId": 5363257, "label": "Neftekhimik - Alaniya Vladikavkaz, 0-0", "date": "2023-03-05 15:30:00", "dateutc": "2023-03-05 14:30:00", "status": "Played", "competitionId": 723, "seasonId": 188048, "roundId": 4426919, "gameweek": 21}, {"matchId": 5363261, "label": "Dynamo Makhachkala - Arsenal Tula, 0-0", "date": "2023-03-05 14:00:00", "dateutc": "2023-03-05 13:00:00", "status": "Played", "competitionId": 723, "seasonId": 188048, "roundId": 4426919, "gameweek": 21}, {"matchId": 5363262, "label": "Rodina Moskva - Shinnik, 2-1", "date": "2023-03-05 13:00:00", "dateutc": "2023-03-05 12:00:00", "status": "Played", "competitionId": 723, "seasonId": 188048, "roundId": 4426919, "gameweek": 21}, {"matchId": 5363259, "label": "Akron Togliatti - Krasnodar II, 0-0", "date": "2023-03-05 12:30:00", "dateutc": "2023-03-05 11:30:00", "status": "Played", "competitionId": 723, "seasonId": 188048, "roundId": 4426919, "gameweek": 21}, {"matchId": 5363263, "label": "Yenisey - Volgar Astrakhan, 2-1", "date": "2023-03-05 11:00:00", "dateutc": "2023-03-05 10:00:00", "status": "Played", "competitionId": 723, "seasonId": 188048, "roundId": 4426919, "gameweek": 21}, {"matchId": 5363264, "label": "Ufa - Veles, 4-1", "date": "2023-03-05 10:00:00", "dateutc": "2023-03-05 09:00:00", "status": "Played", "competitionId": 723, "seasonId": 188048, "roundId": 4426919, "gameweek": 21}, {"matchId": 5363250, "label": "Alaniya Vladikavkaz - Ufa, 2-1", "date": "2022-11-27 15:00:00", "dateutc": "2022-11-27 14:00:00", "status": "Played", "competitionId": 723, "seasonId": 188048, "roundId": 4426919, "gameweek": 20}, {"matchId": 5363248, "label": "Kuban Krasnodar - Volga Ulyanovsk, 1-0", "date": "2022-11-27 14:00:00", "dateutc": "2022-11-27 13:00:00", "status": "Played", "competitionId": 723, "seasonId": 188048, "roundId": 4426919, "gameweek": 20}, {"matchId": 5363253, "label": "Shinnik - Dynamo Makhachkala, 0-0", "date": "2022-11-27 14:00:00", "dateutc": "2022-11-27 13:00:00", "status": "Played", "competitionId": 723, "seasonId": 188048, "roundId": 4426919, "gameweek": 20}, {"matchId": 5363249, "label": "Rubin Kazan' - Neftekhimik, 2-0", "date": "2022-11-27 13:00:00", "dateutc": "2022-11-27 12:00:00", "status": "Played", "competitionId": 723, "seasonId": 188048, "roundId": 4426919, "gameweek": 20}, {"matchId": 5363255, "label": "Akron Togliatti - SKA-Khabarovsk, 1-1", "date": "2022-11-27 13:00:00", "dateutc": "2022-11-27 12:00:00", "status": "Played", "competitionId": 723, "seasonId": 188048, "roundId": 4426919, "gameweek": 20}, {"matchId": 5363251, "label": "Veles - Yenisey, 2-0", "date": "2022-11-27 12:00:00", "dateutc": "2022-11-27 11:00:00", "status": "Played", "competitionId": 723, "seasonId": 188048, "roundId": 4426919, "gameweek": 20}, {"matchId": 5363252, "label": "Volgar Astrakhan - Rodina Moskva, 1-1", "date": "2022-11-27 12:00:00", "dateutc": "2022-11-27 11:00:00", "status": "Played", "competitionId": 723, "seasonId": 188048, "roundId": 4426919, "gameweek": 20}, {"matchId": 5363256, "label": "Krasnodar II - KAMAZ, 2-2", "date": "2022-11-27 11:00:00", "dateutc": "2022-11-27 10:00:00", "status": "Played", "competitionId": 723, "seasonId": 188048, "roundId": 4426919, "gameweek": 20}, {"matchId": 5363254, "label": "Arsenal Tula - Baltika, 0-5", "date": "2022-11-25 17:00:00", "dateutc": "2022-11-25 16:00:00", "status": "Played", "competitionId": 723, "seasonId": 188048, "roundId": 4426919, "gameweek": 20}, {"matchId": 5363247, "label": "KAMAZ - Kuban Krasnodar, 2-1", "date": "2022-11-20 17:00:00", "dateutc": "2022-11-20 16:00:00", "status": "Played", "competitionId": 723, "seasonId": 188048, "roundId": 4426919, "gameweek": 19}, {"matchId": 5363240, "label": "Krasnodar II - SKA-Khabarovsk, 1-4", "date": "2022-11-20 15:00:00", "dateutc": "2022-11-20 14:00:00", "status": "Played", "competitionId": 723, "seasonId": 188048, "roundId": 4426919, "gameweek": 19}, {"matchId": 5363243, "label": "Dynamo Makhachkala - Volgar Astrakhan, 1-2", "date": "2022-11-20 14:00:00", "dateutc": "2022-11-20 13:00:00", "status": "Played", "competitionId": 723, "seasonId": 188048, "roundId": 4426919, "gameweek": 19}, {"matchId": 5363241, "label": "Akron Togliatti - Arsenal Tula, 0-0", "date": "2022-11-20 13:00:00", "dateutc": "2022-11-20 12:00:00", "status": "Played", "competitionId": 723, "seasonId": 188048, "roundId": 4426919, "gameweek": 19}, {"matchId": 5363244, "label": "Rodina Moskva - Veles, 1-1", "date": "2022-11-20 13:00:00", "dateutc": "2022-11-20 12:00:00", "status": "Played", "competitionId": 723, "seasonId": 188048, "roundId": 4426919, "gameweek": 19}, {"matchId": 5363239, "label": "Neftekhimik - Volga Ulyanovsk, 1-2", "date": "2022-11-20 12:00:00", "dateutc": "2022-11-20 11:00:00", "status": "Played", "competitionId": 723, "seasonId": 188048, "roundId": 4426919, "gameweek": 19}, {"matchId": 5363245, "label": "Yenisey - Alaniya Vladikavkaz, 2-0", "date": "2022-11-20 11:00:00", "dateutc": "2022-11-20 10:00:00", "status": "Played", "competitionId": 723, "seasonId": 188048, "roundId": 4426919, "gameweek": 19}, {"matchId": 5363246, "label": "Ufa - Rubin Kazan', 1-2", "date": "2022-11-20 10:00:00", "dateutc": "2022-11-20 09:00:00", "status": "Played", "competitionId": 723, "seasonId": 188048, "roundId": 4426919, "gameweek": 19}, {"matchId": 5363242, "label": "Baltika - Shinnik, 1-0", "date": "2022-11-19 17:00:00", "dateutc": "2022-11-19 16:00:00", "status": "Played", "competitionId": 723, "seasonId": 188048, "roundId": 4426919, "gameweek": 19}, {"matchId": 5363233, "label": "Alaniya Vladikavkaz - Rodina Moskva, 1-3", "date": "2022-11-13 15:00:00", "dateutc": "2022-11-13 14:00:00", "status": "Played", "competitionId": 723, "seasonId": 188048, "roundId": 4426919, "gameweek": 18}, {"matchId": 5363230, "label": "Kuban Krasnodar - Neftekhimik, 0-1", "date": "2022-11-13 14:00:00", "dateutc": "2022-11-13 13:00:00", "status": "Played", "competitionId": 723, "seasonId": 188048, "roundId": 4426919, "gameweek": 18}, {"matchId": 5363232, "label": "Rubin Kazan' - Yenisey, 0-0", "date": "2022-11-13 14:00:00", "dateutc": "2022-11-13 13:00:00", "status": "Played", "competitionId": 723, "seasonId": 188048, "roundId": 4426919, "gameweek": 18}, {"matchId": 5363236, "label": "Shinnik - Akron Togliatti, 1-0", "date": "2022-11-13 14:00:00", "dateutc": "2022-11-13 13:00:00", "status": "Played", "competitionId": 723, "seasonId": 188048, "roundId": 4426919, "gameweek": 18}, {"matchId": 5363237, "label": "Arsenal Tula - Krasnodar II, 3-1", "date": "2022-11-13 14:00:00", "dateutc": "2022-11-13 13:00:00", "status": "Played", "competitionId": 723, "seasonId": 188048, "roundId": 4426919, "gameweek": 18}, {"matchId": 5363235, "label": "Volgar Astrakhan - Baltika, 1-2", "date": "2022-11-13 13:00:00", "dateutc": "2022-11-13 12:00:00", "status": "Played", "competitionId": 723, "seasonId": 188048, "roundId": 4426919, "gameweek": 18}, {"matchId": 5363238, "label": "SKA-Khabarovsk - KAMAZ, 3-1", "date": "2022-11-13 09:00:00", "dateutc": "2022-11-13 08:00:00", "status": "Played", "competitionId": 723, "seasonId": 188048, "roundId": 4426919, "gameweek": 18}, {"matchId": 5363231, "label": "Volga Ulyanovsk - Ufa, 2-1", "date": "2022-11-12 14:00:00", "dateutc": "2022-11-12 13:00:00", "status": "Played", "competitionId": 723, "seasonId": 188048, "roundId": 4426919, "gameweek": 18}, {"matchId": 5363234, "label": "Veles - Dynamo Makhachkala, 0-1", "date": "2022-11-12 12:00:00", "dateutc": "2022-11-12 11:00:00", "status": "Played", "competitionId": 723, "seasonId": 188048, "roundId": 4426919, "gameweek": 18}, {"matchId": 5363224, "label": "Baltika - Alaniya Vladikavkaz, 2-1", "date": "2022-11-06 15:00:00", "dateutc": "2022-11-06 14:00:00", "status": "Played", "competitionId": 723, "seasonId": 188048, "roundId": 4426919, "gameweek": 17}, {"matchId": 5363229, "label": "KAMAZ - Arsenal Tula, 0-1", "date": "2022-11-06 15:00:00", "dateutc": "2022-11-06 14:00:00", "status": "Played", "competitionId": 723, "seasonId": 188048, "roundId": 4426919, "gameweek": 17}, {"matchId": 5363225, "label": "Dynamo Makhachkala - Rubin Kazan', 0-1", "date": "2022-11-06 14:00:00", "dateutc": "2022-11-06 13:00:00", "status": "Played", "competitionId": 723, "seasonId": 188048, "roundId": 4426919, "gameweek": 17}, {"matchId": 5363223, "label": "Akron Togliatti - Veles, 3-0", "date": "2022-11-06 13:00:00", "dateutc": "2022-11-06 12:00:00", "status": "Played", "competitionId": 723, "seasonId": 188048, "roundId": 4426919, "gameweek": 17}, {"matchId": 5363226, "label": "Rodina Moskva - Volga Ulyanovsk, 2-1", "date": "2022-11-06 13:00:00", "dateutc": "2022-11-06 12:00:00", "status": "Played", "competitionId": 723, "seasonId": 188048, "roundId": 4426919, "gameweek": 17}, {"matchId": 5363222, "label": "Krasnodar II - Volgar Astrakhan, 0-2", "date": "2022-11-06 12:00:00", "dateutc": "2022-11-06 11:00:00", "status": "Played", "competitionId": 723, "seasonId": 188048, "roundId": 4426919, "gameweek": 17}, {"matchId": 5363227, "label": "Yenisey - Kuban Krasnodar, 2-1", "date": "2022-11-06 11:00:00", "dateutc": "2022-11-06 10:00:00", "status": "Played", "competitionId": 723, "seasonId": 188048, "roundId": 4426919, "gameweek": 17}, {"matchId": 5363228, "label": "Ufa - Neftekhimik, 0-0", "date": "2022-11-06 10:00:00", "dateutc": "2022-11-06 09:00:00", "status": "Played", "competitionId": 723, "seasonId": 188048, "roundId": 4426919, "gameweek": 17}, {"matchId": 5363221, "label": "SKA-Khabarovsk - Shinnik, 3-1", "date": "2022-11-06 08:00:00", "dateutc": "2022-11-06 07:00:00", "status": "Played", "competitionId": 723, "seasonId": 188048, "roundId": 4426919, "gameweek": 17}, {"matchId": 5363215, "label": "Rubin Kazan' - Baltika, 3-3", "date": "2022-10-30 13:00:00", "dateutc": "2022-10-30 12:00:00", "status": "Played", "competitionId": 723, "seasonId": 188048, "roundId": 4426919, "gameweek": 16}, {"matchId": 5363217, "label": "Veles - Krasnodar II, 1-0", "date": "2022-10-30 12:00:00", "dateutc": "2022-10-30 11:00:00", "status": "Played", "competitionId": 723, "seasonId": 188048, "roundId": 4426919, "gameweek": 16}, {"matchId": 5363212, "label": "Neftekhimik - Yenisey, 1-1", "date": "2022-10-29 17:30:00", "dateutc": "2022-10-29 15:30:00", "status": "Played", "competitionId": 723, "seasonId": 188048, "roundId": 4426919, "gameweek": 16}, {"matchId": 5363213, "label": "Kuban Krasnodar - Rodina Moskva, 0-1", "date": "2022-10-29 16:00:00", "dateutc": "2022-10-29 14:00:00", "status": "Played", "competitionId": 723, "seasonId": 188048, "roundId": 4426919, "gameweek": 16}, {"matchId": 5363216, "label": "Alaniya Vladikavkaz - Akron Togliatti, 3-3", "date": "2022-10-29 16:00:00", "dateutc": "2022-10-29 14:00:00", "status": "Played", "competitionId": 723, "seasonId": 188048, "roundId": 4426919, "gameweek": 16}, {"matchId": 5363220, "label": "KAMAZ - Ufa, 2-2", "date": "2022-10-29 16:00:00", "dateutc": "2022-10-29 14:00:00", "status": "Played", "competitionId": 723, "seasonId": 188048, "roundId": 4426919, "gameweek": 16}, {"matchId": 5363218, "label": "Volgar Astrakhan - SKA-Khabarovsk, 1-3", "date": "2022-10-29 15:00:00", "dateutc": "2022-10-29 13:00:00", "status": "Played", "competitionId": 723, "seasonId": 188048, "roundId": 4426919, "gameweek": 16}, {"matchId": 5363214, "label": "Volga Ulyanovsk - Dynamo Makhachkala, 0-0", "date": "2022-10-29 14:00:00", "dateutc": "2022-10-29 12:00:00", "status": "Played", "competitionId": 723, "seasonId": 188048, "roundId": 4426919, "gameweek": 16}, {"matchId": 5363219, "label": "Shinnik - Arsenal Tula, 2-1", "date": "2022-10-28 18:00:00", "dateutc": "2022-10-28 16:00:00", "status": "Played", "competitionId": 723, "seasonId": 188048, "roundId": 4426919, "gameweek": 16}, {"matchId": 5363211, "label": "Yenisey - Ufa, 3-1", "date": "2022-10-24 14:00:00", "dateutc": "2022-10-24 12:00:00", "status": "Played", "competitionId": 723, "seasonId": 188048, "roundId": 4426919, "gameweek": 15}, {"matchId": 5363208, "label": "Baltika - Volga Ulyanovsk, 2-2", "date": "2022-10-23 17:00:00", "dateutc": "2022-10-23 15:00:00", "status": "Played", "competitionId": 723, "seasonId": 188048, "roundId": 4426919, "gameweek": 15}, {"matchId": 5363210, "label": "Rodina Moskva - Neftekhimik, 0-2", "date": "2022-10-23 17:00:00", "dateutc": "2022-10-23 15:00:00", "status": "Played", "competitionId": 723, "seasonId": 188048, "roundId": 4426919, "gameweek": 15}, {"matchId": 5363204, "label": "Arsenal Tula - Volgar Astrakhan, 3-2", "date": "2022-10-23 16:00:00", "dateutc": "2022-10-23 14:00:00", "status": "Played", "competitionId": 723, "seasonId": 188048, "roundId": 4426919, "gameweek": 15}, {"matchId": 5363203, "label": "Shinnik - KAMAZ, 1-0", "date": "2022-10-23 15:00:00", "dateutc": "2022-10-23 13:00:00", "status": "Played", "competitionId": 723, "seasonId": 188048, "roundId": 4426919, "gameweek": 15}, {"matchId": 5363206, "label": "Krasnodar II - Alaniya Vladikavkaz, 0-3", "date": "2022-10-23 15:00:00", "dateutc": "2022-10-23 13:00:00", "status": "Played", "competitionId": 723, "seasonId": 188048, "roundId": 4426919, "gameweek": 15}, {"matchId": 5363209, "label": "Dynamo Makhachkala - Kuban Krasnodar, 2-1", "date": "2022-10-23 15:00:00", "dateutc": "2022-10-23 13:00:00", "status": "Played", "competitionId": 723, "seasonId": 188048, "roundId": 4426919, "gameweek": 15}, {"matchId": 5363207, "label": "Akron Togliatti - Rubin Kazan', 0-0", "date": "2022-10-23 14:00:00", "dateutc": "2022-10-23 12:00:00", "status": "Played", "competitionId": 723, "seasonId": 188048, "roundId": 4426919, "gameweek": 15}, {"matchId": 5363205, "label": "SKA-Khabarovsk - Veles, 6-0", "date": "2022-10-23 09:00:00", "dateutc": "2022-10-23 07:00:00", "status": "Played", "competitionId": 723, "seasonId": 188048, "roundId": 4426919, "gameweek": 15}, {"matchId": 5363195, "label": "Kuban Krasnodar - Baltika, 0-0", "date": "2022-10-16 17:00:00", "dateutc": "2022-10-16 15:00:00", "status": "Played", "competitionId": 723, "seasonId": 188048, "roundId": 4426919, "gameweek": 14}, {"matchId": 5363198, "label": "Alaniya Vladikavkaz - SKA-Khabarovsk, 4-1", "date": "2022-10-16 17:00:00", "dateutc": "2022-10-16 15:00:00", "status": "Played", "competitionId": 723, "seasonId": 188048, "roundId": 4426919, "gameweek": 14}, {"matchId": 5363194, "label": "Neftekhimik - Dynamo Makhachkala, 2-1", "date": "2022-10-16 16:00:00", "dateutc": "2022-10-16 14:00:00", "status": "Played", "competitionId": 723, "seasonId": 188048, "roundId": 4426919, "gameweek": 14}, {"matchId": 5363200, "label": "Volgar Astrakhan - Shinnik, 1-0", "date": "2022-10-16 16:00:00", "dateutc": "2022-10-16 14:00:00", "status": "Played", "competitionId": 723, "seasonId": 188048, "roundId": 4426919, "gameweek": 14}, {"matchId": 5363197, "label": "Rubin Kazan' - Krasnodar II, 5-2", "date": "2022-10-16 15:00:00", "dateutc": "2022-10-16 13:00:00", "status": "Played", "competitionId": 723, "seasonId": 188048, "roundId": 4426919, "gameweek": 14}, {"matchId": 5363196, "label": "Volga Ulyanovsk - Akron Togliatti, 1-2", "date": "2022-10-16 14:00:00", "dateutc": "2022-10-16 12:00:00", "status": "Played", "competitionId": 723, "seasonId": 188048, "roundId": 4426919, "gameweek": 14}, {"matchId": 5363199, "label": "Veles - Arsenal Tula, 1-0", "date": "2022-10-16 13:00:00", "dateutc": "2022-10-16 11:00:00", "status": "Played", "competitionId": 723, "seasonId": 188048, "roundId": 4426919, "gameweek": 14}, {"matchId": 5363201, "label": "Ufa - Rodina Moskva, 0-1", "date": "2022-10-16 11:00:00", "dateutc": "2022-10-16 09:00:00", "status": "Played", "competitionId": 723, "seasonId": 188048, "roundId": 4426919, "gameweek": 14}, {"matchId": 5363202, "label": "KAMAZ - Yenisey, 1-0", "date": "2022-10-14 16:00:00", "dateutc": "2022-10-14 14:00:00", "status": "Played", "competitionId": 723, "seasonId": 188048, "roundId": 4426919, "gameweek": 14}, {"matchId": 5363187, "label": "Arsenal Tula - Alaniya Vladikavkaz, 0-2", "date": "2022-10-10 18:30:00", "dateutc": "2022-10-10 16:30:00", "status": "Played", "competitionId": 723, "seasonId": 188048, "roundId": 4426919, "gameweek": 13}, {"matchId": 5363191, "label": "Baltika - Neftekhimik, 2-2", "date": "2022-10-09 17:00:00", "dateutc": "2022-10-09 15:00:00", "status": "Played", "competitionId": 723, "seasonId": 188048, "roundId": 4426919, "gameweek": 13}, {"matchId": 5363193, "label": "Rodina Moskva - Yenisey, 0-2", "date": "2022-10-09 17:00:00", "dateutc": "2022-10-09 15:00:00", "status": "Played", "competitionId": 723, "seasonId": 188048, "roundId": 4426919, "gameweek": 13}, {"matchId": 5363185, "label": "Volgar Astrakhan - KAMAZ, 0-0", "date": "2022-10-09 15:00:00", "dateutc": "2022-10-09 13:00:00", "status": "Played", "competitionId": 723, "seasonId": 188048, "roundId": 4426919, "gameweek": 13}, {"matchId": 5363186, "label": "Shinnik - Veles, 2-0", "date": "2022-10-09 15:00:00", "dateutc": "2022-10-09 13:00:00", "status": "Played", "competitionId": 723, "seasonId": 188048, "roundId": 4426919, "gameweek": 13}, {"matchId": 5363192, "label": "Dynamo Makhachkala - Ufa, 0-1", "date": "2022-10-09 15:00:00", "dateutc": "2022-10-09 13:00:00", "status": "Played", "competitionId": 723, "seasonId": 188048, "roundId": 4426919, "gameweek": 13}, {"matchId": 5363190, "label": "Akron Togliatti - Kuban Krasnodar, 0-0", "date": "2022-10-09 14:00:00", "dateutc": "2022-10-09 12:00:00", "status": "Played", "competitionId": 723, "seasonId": 188048, "roundId": 4426919, "gameweek": 13}, {"matchId": 5363189, "label": "Krasnodar II - Volga Ulyanovsk, 0-0", "date": "2022-10-09 13:00:00", "dateutc": "2022-10-09 11:00:00", "status": "Played", "competitionId": 723, "seasonId": 188048, "roundId": 4426919, "gameweek": 13}, {"matchId": 5363188, "label": "SKA-Khabarovsk - Rubin Kazan', 1-2", "date": "2022-10-09 09:00:00", "dateutc": "2022-10-09 07:00:00", "status": "Played", "competitionId": 723, "seasonId": 188048, "roundId": 4426919, "gameweek": 13}, {"matchId": 5363180, "label": "Alaniya Vladikavkaz - Shinnik, 3-1", "date": "2022-10-01 18:00:00", "dateutc": "2022-10-01 16:00:00", "status": "Played", "competitionId": 723, "seasonId": 188048, "roundId": 4426919, "gameweek": 12}, {"matchId": 5363176, "label": "Neftekhimik - Akron Togliatti, 0-1", "date": "2022-10-01 17:00:00", "dateutc": "2022-10-01 15:00:00", "status": "Played", "competitionId": 723, "seasonId": 188048, "roundId": 4426919, "gameweek": 12}, {"matchId": 5363177, "label": "Kuban Krasnodar - Krasnodar II, 4-0", "date": "2022-10-01 17:00:00", "dateutc": "2022-10-01 15:00:00", "status": "Played", "competitionId": 723, "seasonId": 188048, "roundId": 4426919, "gameweek": 12}, {"matchId": 5363179, "label": "Rubin Kazan' - Arsenal Tula, 1-2", "date": "2022-10-01 15:00:00", "dateutc": "2022-10-01 13:00:00", "status": "Played", "competitionId": 723, "seasonId": 188048, "roundId": 4426919, "gameweek": 12}, {"matchId": 5363184, "label": "KAMAZ - Rodina Moskva, 2-0", "date": "2022-10-01 15:00:00", "dateutc": "2022-10-01 13:00:00", "status": "Played", "competitionId": 723, "seasonId": 188048, "roundId": 4426919, "gameweek": 12}, {"matchId": 5363178, "label": "Volga Ulyanovsk - SKA-Khabarovsk, 0-0", "date": "2022-10-01 14:00:00", "dateutc": "2022-10-01 12:00:00", "status": "Played", "competitionId": 723, "seasonId": 188048, "roundId": 4426919, "gameweek": 12}, {"matchId": 5363181, "label": "Veles - Volgar Astrakhan, 1-3", "date": "2022-10-01 13:00:00", "dateutc": "2022-10-01 11:00:00", "status": "Played", "competitionId": 723, "seasonId": 188048, "roundId": 4426919, "gameweek": 12}, {"matchId": 5363182, "label": "Yenisey - Dynamo Makhachkala, 2-0", "date": "2022-10-01 12:00:00", "dateutc": "2022-10-01 10:00:00", "status": "Played", "competitionId": 723, "seasonId": 188048, "roundId": 4426919, "gameweek": 12}, {"matchId": 5363183, "label": "Ufa - Baltika, 0-2", "date": "2022-10-01 10:45:00", "dateutc": "2022-10-01 08:45:00", "status": "Played", "competitionId": 723, "seasonId": 188048, "roundId": 4426919, "gameweek": 12}, {"matchId": 5363175, "label": "Dynamo Makhachkala - Rodina Moskva, 0-0", "date": "2022-09-25 17:00:00", "dateutc": "2022-09-25 15:00:00", "status": "Played", "competitionId": 723, "seasonId": 188048, "roundId": 4426919, "gameweek": 11}, {"matchId": 5363168, "label": "Volgar Astrakhan - Alaniya Vladikavkaz, 0-0", "date": "2022-09-25 16:00:00", "dateutc": "2022-09-25 14:00:00", "status": "Played", "competitionId": 723, "seasonId": 188048, "roundId": 4426919, "gameweek": 11}, {"matchId": 5363170, "label": "Arsenal Tula - Volga Ulyanovsk, 2-0", "date": "2022-09-25 16:00:00", "dateutc": "2022-09-25 14:00:00", "status": "Played", "competitionId": 723, "seasonId": 188048, "roundId": 4426919, "gameweek": 11}, {"matchId": 5363174, "label": "Baltika - Yenisey, 3-2", "date": "2022-09-25 16:00:00", "dateutc": "2022-09-25 14:00:00", "status": "Played", "competitionId": 723, "seasonId": 188048, "roundId": 4426919, "gameweek": 11}, {"matchId": 5363169, "label": "Shinnik - Rubin Kazan', 1-0", "date": "2022-09-25 15:00:00", "dateutc": "2022-09-25 13:00:00", "status": "Played", "competitionId": 723, "seasonId": 188048, "roundId": 4426919, "gameweek": 11}, {"matchId": 5363173, "label": "Akron Togliatti - Ufa, 1-1", "date": "2022-09-25 15:00:00", "dateutc": "2022-09-25 13:00:00", "status": "Played", "competitionId": 723, "seasonId": 188048, "roundId": 4426919, "gameweek": 11}, {"matchId": 5363172, "label": "Krasnodar II - Neftekhimik, 0-0", "date": "2022-09-25 14:00:00", "dateutc": "2022-09-25 12:00:00", "status": "Played", "competitionId": 723, "seasonId": 188048, "roundId": 4426919, "gameweek": 11}, {"matchId": 5363167, "label": "Veles - KAMAZ, 1-1", "date": "2022-09-25 13:00:00", "dateutc": "2022-09-25 11:00:00", "status": "Played", "competitionId": 723, "seasonId": 188048, "roundId": 4426919, "gameweek": 11}, {"matchId": 5363171, "label": "SKA-Khabarovsk - Kuban Krasnodar, 2-0", "date": "2022-09-25 09:00:00", "dateutc": "2022-09-25 07:00:00", "status": "Played", "competitionId": 723, "seasonId": 188048, "roundId": 4426919, "gameweek": 11}, {"matchId": 5363159, "label": "Kuban Krasnodar - Arsenal Tula, 2-1", "date": "2022-09-19 19:00:00", "dateutc": "2022-09-19 17:00:00", "status": "Played", "competitionId": 723, "seasonId": 188048, "roundId": 4426919, "gameweek": 10}, {"matchId": 5363162, "label": "Alaniya Vladikavkaz - Veles, 1-0", "date": "2022-09-18 18:00:00", "dateutc": "2022-09-18 16:00:00", "status": "Played", "competitionId": 723, "seasonId": 188048, "roundId": 4426919, "gameweek": 10}, {"matchId": 5363158, "label": "Neftekhimik - SKA-Khabarovsk, 0-1", "date": "2022-09-18 17:00:00", "dateutc": "2022-09-18 15:00:00", "status": "Played", "competitionId": 723, "seasonId": 188048, "roundId": 4426919, "gameweek": 10}, {"matchId": 5363161, "label": "Rubin Kazan' - Volgar Astrakhan, 3-2", "date": "2022-09-18 17:00:00", "dateutc": "2022-09-18 15:00:00", "status": "Played", "competitionId": 723, "seasonId": 188048, "roundId": 4426919, "gameweek": 10}, {"matchId": 5363166, "label": "KAMAZ - Dynamo Makhachkala, 1-2", "date": "2022-09-18 16:00:00", "dateutc": "2022-09-18 14:00:00", "status": "Played", "competitionId": 723, "seasonId": 188048, "roundId": 4426919, "gameweek": 10}, {"matchId": 5363160, "label": "Volga Ulyanovsk - Shinnik, 1-1", "date": "2022-09-18 14:00:00", "dateutc": "2022-09-18 12:00:00", "status": "Played", "competitionId": 723, "seasonId": 188048, "roundId": 4426919, "gameweek": 10}, {"matchId": 5363163, "label": "Rodina Moskva - Baltika, 1-2", "date": "2022-09-18 14:00:00", "dateutc": "2022-09-18 12:00:00", "status": "Played", "competitionId": 723, "seasonId": 188048, "roundId": 4426919, "gameweek": 10}, {"matchId": 5363164, "label": "Yenisey - Akron Togliatti, 0-0", "date": "2022-09-18 12:00:00", "dateutc": "2022-09-18 10:00:00", "status": "Played", "competitionId": 723, "seasonId": 188048, "roundId": 4426919, "gameweek": 10}, {"matchId": 5363165, "label": "Ufa - Krasnodar II, 2-1", "date": "2022-09-18 12:00:00", "dateutc": "2022-09-18 10:00:00", "status": "Played", "competitionId": 723, "seasonId": 188048, "roundId": 4426919, "gameweek": 10}, {"matchId": 5363157, "label": "Baltika - Dynamo Makhachkala, 1-1", "date": "2022-09-12 20:00:00", "dateutc": "2022-09-12 18:00:00", "status": "Played", "competitionId": 723, "seasonId": 188048, "roundId": 4426919, "gameweek": 9}, {"matchId": 5363149, "label": "Alaniya Vladikavkaz - KAMAZ, 4-2", "date": "2022-09-11 18:00:00", "dateutc": "2022-09-11 16:00:00", "status": "Played", "competitionId": 723, "seasonId": 188048, "roundId": 4426919, "gameweek": 9}, {"matchId": 5363152, "label": "Shinnik - Kuban Krasnodar, 1-0", "date": "2022-09-11 17:00:00", "dateutc": "2022-09-11 15:00:00", "status": "Played", "competitionId": 723, "seasonId": 188048, "roundId": 4426919, "gameweek": 9}, {"matchId": 5363154, "label": "SKA-Khabarovsk - Ufa, 1-1", "date": "2022-09-11 17:00:00", "dateutc": "2022-09-11 15:00:00", "status": "Played", "competitionId": 723, "seasonId": 188048, "roundId": 4426919, "gameweek": 9}, {"matchId": 5363155, "label": "Krasnodar II - Yenisey, 1-2", "date": "2022-09-11 17:00:00", "dateutc": "2022-09-11 15:00:00", "status": "Played", "competitionId": 723, "seasonId": 188048, "roundId": 4426919, "gameweek": 9}, {"matchId": 5363151, "label": "Volgar Astrakhan - Volga Ulyanovsk, 1-0", "date": "2022-09-11 16:00:00", "dateutc": "2022-09-11 14:00:00", "status": "Played", "competitionId": 723, "seasonId": 188048, "roundId": 4426919, "gameweek": 9}, {"matchId": 5363153, "label": "Arsenal Tula - Neftekhimik, 2-1", "date": "2022-09-11 16:00:00", "dateutc": "2022-09-11 14:00:00", "status": "Played", "competitionId": 723, "seasonId": 188048, "roundId": 4426919, "gameweek": 9}, {"matchId": 5363156, "label": "Akron Togliatti - Rodina Moskva, 2-2", "date": "2022-09-11 15:00:00", "dateutc": "2022-09-11 13:00:00", "status": "Played", "competitionId": 723, "seasonId": 188048, "roundId": 4426919, "gameweek": 9}, {"matchId": 5363150, "label": "Veles - Rubin Kazan', 1-2", "date": "2022-09-11 13:00:00", "dateutc": "2022-09-11 11:00:00", "status": "Played", "competitionId": 723, "seasonId": 188048, "roundId": 4426919, "gameweek": 9}, {"matchId": 5363141, "label": "Kuban Krasnodar - Volgar Astrakhan, 0-0", "date": "2022-09-04 18:00:00", "dateutc": "2022-09-04 16:00:00", "status": "Played", "competitionId": 723, "seasonId": 188048, "roundId": 4426919, "gameweek": 8}, {"matchId": 5363140, "label": "Neftekhimik - Shinnik, 1-0", "date": "2022-09-04 17:00:00", "dateutc": "2022-09-04 15:00:00", "status": "Played", "competitionId": 723, "seasonId": 188048, "roundId": 4426919, "gameweek": 8}, {"matchId": 5363143, "label": "Rubin Kazan' - Alaniya Vladikavkaz, 2-2", "date": "2022-09-04 17:00:00", "dateutc": "2022-09-04 15:00:00", "status": "Played", "competitionId": 723, "seasonId": 188048, "roundId": 4426919, "gameweek": 8}, {"matchId": 5363144, "label": "Dynamo Makhachkala - Akron Togliatti, 1-1", "date": "2022-09-04 17:00:00", "dateutc": "2022-09-04 15:00:00", "status": "Played", "competitionId": 723, "seasonId": 188048, "roundId": 4426919, "gameweek": 8}, {"matchId": 5363142, "label": "Volga Ulyanovsk - Veles, 0-2", "date": "2022-09-04 16:00:00", "dateutc": "2022-09-04 14:00:00", "status": "Played", "competitionId": 723, "seasonId": 188048, "roundId": 4426919, "gameweek": 8}, {"matchId": 5363148, "label": "KAMAZ - Baltika, 0-0", "date": "2022-09-04 16:00:00", "dateutc": "2022-09-04 14:00:00", "status": "Played", "competitionId": 723, "seasonId": 188048, "roundId": 4426919, "gameweek": 8}, {"matchId": 5363145, "label": "Rodina Moskva - Krasnodar II, 1-2", "date": "2022-09-04 15:00:00", "dateutc": "2022-09-04 13:00:00", "status": "Played", "competitionId": 723, "seasonId": 188048, "roundId": 4426919, "gameweek": 8}, {"matchId": 5363146, "label": "Yenisey - SKA-Khabarovsk, 1-1", "date": "2022-09-04 10:00:00", "dateutc": "2022-09-04 08:00:00", "status": "Played", "competitionId": 723, "seasonId": 188048, "roundId": 4426919, "gameweek": 8}, {"matchId": 5363147, "label": "Ufa - Arsenal Tula, 0-2", "date": "2022-09-02 15:00:00", "dateutc": "2022-09-02 13:00:00", "status": "Played", "competitionId": 723, "seasonId": 188048, "roundId": 4426919, "gameweek": 8}, {"matchId": 5363136, "label": "Arsenal Tula - Yenisey, 2-2", "date": "2022-08-29 19:00:00", "dateutc": "2022-08-29 17:00:00", "status": "Played", "competitionId": 723, "seasonId": 188048, "roundId": 4426919, "gameweek": 7}, {"matchId": 5363131, "label": "Rubin Kazan' - KAMAZ, 1-1", "date": "2022-08-28 17:00:00", "dateutc": "2022-08-28 15:00:00", "status": "Played", "competitionId": 723, "seasonId": 188048, "roundId": 4426919, "gameweek": 7}, {"matchId": 5363132, "label": "Alaniya Vladikavkaz - Volga Ulyanovsk, 1-2", "date": "2022-08-27 18:00:00", "dateutc": "2022-08-27 16:00:00", "status": "Played", "competitionId": 723, "seasonId": 188048, "roundId": 4426919, "gameweek": 7}, {"matchId": 5363138, "label": "Krasnodar II - Dynamo Makhachkala, 0-1", "date": "2022-08-27 18:00:00", "dateutc": "2022-08-27 16:00:00", "status": "Played", "competitionId": 723, "seasonId": 188048, "roundId": 4426919, "gameweek": 7}, {"matchId": 5363134, "label": "Volgar Astrakhan - Neftekhimik, 0-1", "date": "2022-08-27 17:00:00", "dateutc": "2022-08-27 15:00:00", "status": "Played", "competitionId": 723, "seasonId": 188048, "roundId": 4426919, "gameweek": 7}, {"matchId": 5363135, "label": "Shinnik - Ufa, 3-0", "date": "2022-08-27 17:00:00", "dateutc": "2022-08-27 15:00:00", "status": "Played", "competitionId": 723, "seasonId": 188048, "roundId": 4426919, "gameweek": 7}, {"matchId": 5363137, "label": "SKA-Khabarovsk - Rodina Moskva, 2-1", "date": "2022-08-27 16:00:00", "dateutc": "2022-08-27 14:00:00", "status": "Played", "competitionId": 723, "seasonId": 188048, "roundId": 4426919, "gameweek": 7}, {"matchId": 5363139, "label": "Akron Togliatti - Baltika, 1-3", "date": "2022-08-27 15:00:00", "dateutc": "2022-08-27 13:00:00", "status": "Played", "competitionId": 723, "seasonId": 188048, "roundId": 4426919, "gameweek": 7}, {"matchId": 5363133, "label": "Veles - Kuban Krasnodar, 3-1", "date": "2022-08-27 13:00:00", "dateutc": "2022-08-27 11:00:00", "status": "Played", "competitionId": 723, "seasonId": 188048, "roundId": 4426919, "gameweek": 7}, {"matchId": 5363123, "label": "Kuban Krasnodar - Alaniya Vladikavkaz, 1-2", "date": "2022-08-21 19:00:00", "dateutc": "2022-08-21 17:00:00", "status": "Played", "competitionId": 723, "seasonId": 188048, "roundId": 4426919, "gameweek": 6}, {"matchId": 5363127, "label": "Rodina Moskva - Arsenal Tula, 1-1", "date": "2022-08-21 19:00:00", "dateutc": "2022-08-21 17:00:00", "status": "Played", "competitionId": 723, "seasonId": 188048, "roundId": 4426919, "gameweek": 6}, {"matchId": 5363126, "label": "Dynamo Makhachkala - SKA-Khabarovsk, 0-0", "date": "2022-08-21 18:00:00", "dateutc": "2022-08-21 16:00:00", "status": "Played", "competitionId": 723, "seasonId": 188048, "roundId": 4426919, "gameweek": 6}, {"matchId": 5363122, "label": "Neftekhimik - Veles, 2-0", "date": "2022-08-21 17:00:00", "dateutc": "2022-08-21 15:00:00", "status": "Played", "competitionId": 723, "seasonId": 188048, "roundId": 4426919, "gameweek": 6}, {"matchId": 5363125, "label": "Baltika - Krasnodar II, 2-1", "date": "2022-08-21 17:00:00", "dateutc": "2022-08-21 15:00:00", "status": "Played", "competitionId": 723, "seasonId": 188048, "roundId": 4426919, "gameweek": 6}, {"matchId": 5363130, "label": "KAMAZ - Akron Togliatti, 4-0", "date": "2022-08-21 16:00:00", "dateutc": "2022-08-21 14:00:00", "status": "Played", "competitionId": 723, "seasonId": 188048, "roundId": 4426919, "gameweek": 6}, {"matchId": 5363129, "label": "Ufa - Volgar Astrakhan, 0-0", "date": "2022-08-21 15:00:00", "dateutc": "2022-08-21 13:00:00", "status": "Played", "competitionId": 723, "seasonId": 188048, "roundId": 4426919, "gameweek": 6}, {"matchId": 5363128, "label": "Yenisey - Shinnik, 2-1", "date": "2022-08-21 12:00:00", "dateutc": "2022-08-21 10:00:00", "status": "Played", "competitionId": 723, "seasonId": 188048, "roundId": 4426919, "gameweek": 6}, {"matchId": 5363124, "label": "Volga Ulyanovsk - Rubin Kazan', 1-2", "date": "2022-08-21 11:45:00", "dateutc": "2022-08-21 09:45:00", "status": "Played", "competitionId": 723, "seasonId": 188048, "roundId": 4426919, "gameweek": 6}, {"matchId": 5363114, "label": "Rubin Kazan' - Kuban Krasnodar, 3-0", "date": "2022-08-15 18:30:00", "dateutc": "2022-08-15 16:30:00", "status": "Played", "competitionId": 723, "seasonId": 188048, "roundId": 4426919, "gameweek": 5}, {"matchId": 5363115, "label": "Alaniya Vladikavkaz - Neftekhimik, 1-0", "date": "2022-08-14 18:00:00", "dateutc": "2022-08-14 16:00:00", "status": "Played", "competitionId": 723, "seasonId": 188048, "roundId": 4426919, "gameweek": 5}, {"matchId": 5363121, "label": "Krasnodar II - Akron Togliatti, 0-1", "date": "2022-08-14 18:00:00", "dateutc": "2022-08-14 16:00:00", "status": "Played", "competitionId": 723, "seasonId": 188048, "roundId": 4426919, "gameweek": 5}, {"matchId": 5363117, "label": "Volgar Astrakhan - Yenisey, 2-0", "date": "2022-08-14 17:00:00", "dateutc": "2022-08-14 15:00:00", "status": "Played", "competitionId": 723, "seasonId": 188048, "roundId": 4426919, "gameweek": 5}, {"matchId": 5363119, "label": "Arsenal Tula - Dynamo Makhachkala, 1-1", "date": "2022-08-14 17:00:00", "dateutc": "2022-08-14 15:00:00", "status": "Played", "competitionId": 723, "seasonId": 188048, "roundId": 4426919, "gameweek": 5}, {"matchId": 5363120, "label": "SKA-Khabarovsk - Baltika, 2-2", "date": "2022-08-14 17:00:00", "dateutc": "2022-08-14 15:00:00", "status": "Played", "competitionId": 723, "seasonId": 188048, "roundId": 4426919, "gameweek": 5}, {"matchId": 5363118, "label": "Shinnik - Rodina Moskva, 1-1", "date": "2022-08-13 18:00:00", "dateutc": "2022-08-13 16:00:00", "status": "Played", "competitionId": 723, "seasonId": 188048, "roundId": 4426919, "gameweek": 5}, {"matchId": 5363113, "label": "Volga Ulyanovsk - KAMAZ, 0-2", "date": "2022-08-13 16:00:00", "dateutc": "2022-08-13 14:00:00", "status": "Played", "competitionId": 723, "seasonId": 188048, "roundId": 4426919, "gameweek": 5}, {"matchId": 5363116, "label": "Veles - Ufa, 0-2", "date": "2022-08-13 13:00:00", "dateutc": "2022-08-13 11:00:00", "status": "Played", "competitionId": 723, "seasonId": 188048, "roundId": 4426919, "gameweek": 5}, {"matchId": 5363112, "label": "Baltika - Arsenal Tula, 1-0", "date": "2022-08-08 19:00:00", "dateutc": "2022-08-08 17:00:00", "status": "Played", "competitionId": 723, "seasonId": 188048, "roundId": 4426919, "gameweek": 4}, {"matchId": 5363111, "label": "Neftekhimik - Rubin Kazan', 2-2", "date": "2022-08-08 17:00:00", "dateutc": "2022-08-08 15:00:00", "status": "Played", "competitionId": 723, "seasonId": 188048, "roundId": 4426919, "gameweek": 4}, {"matchId": 5363106, "label": "Dynamo Makhachkala - Shinnik, 2-1", "date": "2022-08-07 18:00:00", "dateutc": "2022-08-07 16:00:00", "status": "Played", "competitionId": 723, "seasonId": 188048, "roundId": 4426919, "gameweek": 4}, {"matchId": 5363109, "label": "KAMAZ - Krasnodar II, 1-1", "date": "2022-08-07 16:00:00", "dateutc": "2022-08-07 14:00:00", "status": "Played", "competitionId": 723, "seasonId": 188048, "roundId": 4426919, "gameweek": 4}, {"matchId": 5363110, "label": "Volga Ulyanovsk - Kuban Krasnodar, 1-4", "date": "2022-08-07 16:00:00", "dateutc": "2022-08-07 14:00:00", "status": "Played", "competitionId": 723, "seasonId": 188048, "roundId": 4426919, "gameweek": 4}, {"matchId": 5363107, "label": "Rodina Moskva - Volgar Astrakhan, 0-0", "date": "2022-08-07 15:00:00", "dateutc": "2022-08-07 13:00:00", "status": "Played", "competitionId": 723, "seasonId": 188048, "roundId": 4426919, "gameweek": 4}, {"matchId": 5363108, "label": "Ufa - Alaniya Vladikavkaz, 1-3", "date": "2022-08-07 15:00:00", "dateutc": "2022-08-07 13:00:00", "status": "Played", "competitionId": 723, "seasonId": 188048, "roundId": 4426919, "gameweek": 4}, {"matchId": 5363104, "label": "SKA-Khabarovsk - Akron Togliatti, 3-0", "date": "2022-08-06 17:00:00", "dateutc": "2022-08-06 15:00:00", "status": "Played", "competitionId": 723, "seasonId": 188048, "roundId": 4426919, "gameweek": 4}, {"matchId": 5363105, "label": "Yenisey - Veles, 2-1", "date": "2022-08-06 12:00:00", "dateutc": "2022-08-06 10:00:00", "status": "Played", "competitionId": 723, "seasonId": 188048, "roundId": 4426919, "gameweek": 4}, {"matchId": 5363103, "label": "Rubin Kazan' - Ufa, 0-0", "date": "2022-08-01 19:00:00", "dateutc": "2022-08-01 17:00:00", "status": "Played", "competitionId": 723, "seasonId": 188048, "roundId": 4426919, "gameweek": 3}, {"matchId": 5363098, "label": "Kuban Krasnodar - KAMAZ, 0-1", "date": "2022-07-31 18:00:00", "dateutc": "2022-07-31 16:00:00", "status": "Played", "competitionId": 723, "seasonId": 188048, "roundId": 4426919, "gameweek": 3}, {"matchId": 5363099, "label": "Alaniya Vladikavkaz - Yenisey, 1-1", "date": "2022-07-31 18:00:00", "dateutc": "2022-07-31 16:00:00", "status": "Played", "competitionId": 723, "seasonId": 188048, "roundId": 4426919, "gameweek": 3}, {"matchId": 5363101, "label": "Shinnik - Baltika, 1-1", "date": "2022-07-31 18:00:00", "dateutc": "2022-07-31 16:00:00", "status": "Played", "competitionId": 723, "seasonId": 188048, "roundId": 4426919, "gameweek": 3}, {"matchId": 5363100, "label": "Volgar Astrakhan - Dynamo Makhachkala, 2-1", "date": "2022-07-31 17:00:00", "dateutc": "2022-07-31 15:00:00", "status": "Played", "competitionId": 723, "seasonId": 188048, "roundId": 4426919, "gameweek": 3}, {"matchId": 5363102, "label": "SKA-Khabarovsk - Krasnodar II, 0-1", "date": "2022-07-31 17:00:00", "dateutc": "2022-07-31 15:00:00", "status": "Played", "competitionId": 723, "seasonId": 188048, "roundId": 4426919, "gameweek": 3}, {"matchId": 5363097, "label": "Arsenal Tula - Akron Togliatti, 1-1", "date": "2022-07-30 17:00:00", "dateutc": "2022-07-30 15:00:00", "status": "Played", "competitionId": 723, "seasonId": 188048, "roundId": 4426919, "gameweek": 3}, {"matchId": 5363095, "label": "Volga Ulyanovsk - Neftekhimik, 0-2", "date": "2022-07-30 16:00:00", "dateutc": "2022-07-30 14:00:00", "status": "Played", "competitionId": 723, "seasonId": 188048, "roundId": 4426919, "gameweek": 3}, {"matchId": 5363096, "label": "Veles - Rodina Moskva, 0-2", "date": "2022-07-30 16:00:00", "dateutc": "2022-07-30 14:00:00", "status": "Played", "competitionId": 723, "seasonId": 188048, "roundId": 4426919, "gameweek": 3}, {"matchId": 5363094, "label": "KAMAZ - SKA-Khabarovsk, 3-2", "date": "2022-07-25 19:00:00", "dateutc": "2022-07-25 17:00:00", "status": "Played", "competitionId": 723, "seasonId": 188048, "roundId": 4426919, "gameweek": 2}, {"matchId": 5363088, "label": "Krasnodar II - Arsenal Tula, 0-3", "date": "2022-07-24 18:00:00", "dateutc": "2022-07-24 16:00:00", "status": "Played", "competitionId": 723, "seasonId": 188048, "roundId": 4426919, "gameweek": 2}, {"matchId": 5363090, "label": "Baltika - Volgar Astrakhan, 3-1", "date": "2022-07-24 18:00:00", "dateutc": "2022-07-24 16:00:00", "status": "Played", "competitionId": 723, "seasonId": 188048, "roundId": 4426919, "gameweek": 2}, {"matchId": 5363091, "label": "Dynamo Makhachkala - Veles, 1-0", "date": "2022-07-24 18:00:00", "dateutc": "2022-07-24 16:00:00", "status": "Played", "competitionId": 723, "seasonId": 188048, "roundId": 4426919, "gameweek": 2}, {"matchId": 5363087, "label": "Neftekhimik - Kuban Krasnodar, 0-0", "date": "2022-07-24 17:00:00", "dateutc": "2022-07-24 15:00:00", "status": "Played", "competitionId": 723, "seasonId": 188048, "roundId": 4426919, "gameweek": 2}, {"matchId": 5363089, "label": "Akron Togliatti - Shinnik, 2-3", "date": "2022-07-24 16:00:00", "dateutc": "2022-07-24 14:00:00", "status": "Played", "competitionId": 723, "seasonId": 188048, "roundId": 4426919, "gameweek": 2}, {"matchId": 5363092, "label": "Rodina Moskva - Alaniya Vladikavkaz, 1-3", "date": "2022-07-24 15:00:00", "dateutc": "2022-07-24 13:00:00", "status": "Played", "competitionId": 723, "seasonId": 188048, "roundId": 4426919, "gameweek": 2}, {"matchId": 5363093, "label": "Yenisey - Rubin Kazan', 3-2", "date": "2022-07-24 12:00:00", "dateutc": "2022-07-24 10:00:00", "status": "Played", "competitionId": 723, "seasonId": 188048, "roundId": 4426919, "gameweek": 2}, {"matchId": 5363086, "label": "Ufa - Volga Ulyanovsk, 2-1", "date": "2022-07-23 13:00:00", "dateutc": "2022-07-23 11:00:00", "status": "Played", "competitionId": 723, "seasonId": 188048, "roundId": 4426919, "gameweek": 2}, {"matchId": 5363085, "label": "Alaniya Vladikavkaz - Dynamo Makhachkala, 0-0", "date": "2022-07-18 19:00:00", "dateutc": "2022-07-18 17:00:00", "status": "Played", "competitionId": 723, "seasonId": 188048, "roundId": 4426919, "gameweek": 1}, {"matchId": 5363079, "label": "Kuban Krasnodar - Ufa, 2-0", "date": "2022-07-17 18:00:00", "dateutc": "2022-07-17 16:00:00", "status": "Played", "competitionId": 723, "seasonId": 188048, "roundId": 4426919, "gameweek": 1}, {"matchId": 5363083, "label": "Shinnik - Krasnodar II, 0-2", "date": "2022-07-17 18:00:00", "dateutc": "2022-07-17 16:00:00", "status": "Played", "competitionId": 723, "seasonId": 188048, "roundId": 4426919, "gameweek": 1}, {"matchId": 5363080, "label": "Rubin Kazan' - Rodina Moskva, 2-0", "date": "2022-07-17 17:00:00", "dateutc": "2022-07-17 15:00:00", "status": "Played", "competitionId": 723, "seasonId": 188048, "roundId": 4426919, "gameweek": 1}, {"matchId": 5363082, "label": "Volgar Astrakhan - Akron Togliatti, 1-0", "date": "2022-07-17 17:00:00", "dateutc": "2022-07-17 15:00:00", "status": "Played", "competitionId": 723, "seasonId": 188048, "roundId": 4426919, "gameweek": 1}, {"matchId": 5363084, "label": "Arsenal Tula - SKA-Khabarovsk, 3-2", "date": "2022-07-17 17:00:00", "dateutc": "2022-07-17 15:00:00", "status": "Played", "competitionId": 723, "seasonId": 188048, "roundId": 4426919, "gameweek": 1}, {"matchId": 5363081, "label": "Veles - Baltika, 2-1", "date": "2022-07-17 13:00:00", "dateutc": "2022-07-17 11:00:00", "status": "Played", "competitionId": 723, "seasonId": 188048, "roundId": 4426919, "gameweek": 1}, {"matchId": 5363077, "label": "Neftekhimik - KAMAZ, 0-1", "date": "2022-07-16 17:00:00", "dateutc": "2022-07-16 15:00:00", "status": "Played", "competitionId": 723, "seasonId": 188048, "roundId": 4426919, "gameweek": 1}, {"matchId": 5363078, "label": "Volga Ulyanovsk - Yenisey, 1-1", "date": "2022-07-16 17:00:00", "dateutc": "2022-07-16 15:00:00", "status": "Played", "competitionId": 723, "seasonId": 188048, "roundId": 4426919, "gameweek": 1}]